Tamaño;Categoría;Sexo;Grupo;IR_Wtam;IR_Wcat;IR_Wsex;IR_Wgru;IR_Wi;ICMO_Wtam;ICMO_Wcat;ICMO_Wsex;ICMO_Wgru;ICMO_Wi
1;B;1;2;0,019819306;0,053968038;0,010513682;0,009959256;0,003264022;0,019097175;0,050698052;0,01003146;0,009801133;0,003083259
1;B;1;3;0,014807863;0,040321864;0,007855228;0,016136716;0,002438692;0,014476777;0,03843209;0,007604434;0,015292405;0,002337291
1;B;1;4;0,039277652;0,106953184;0,020835883;0,06090312;0,006468598;0,040682196;0,108000689;0,021369748;0,060080669;0,006568184
1;B;2;1;0,133154394;0,362579879;0,031802211;0,154401266;0,021929065;0,1308303;0,347320545;0,030495869;0,159905327;0,021122691
1;B;2;2;0,060113664;0,163689717;0,014357374;0,030207283;0,00990006;0,060936375;0,161770286;0,014203955;0,031274023;0,009838242
1;B;2;3;0,079352811;0,216077982;0,018952396;0,086473906;0,013068536;0,082679976;0,219493911;0,019272277;0,087338204;0,01334877
1;B;2;4;0,029923554;0,081481942;0,007146855;0,046398848;0,00492808;0,032081334;0,085167629;0,007477994;0,047378662;0,005179565
1;B;2;7;0,107835946;0,293637658;0,025755226;0,211993922;0,017759395;0,118024438;0,3133243;0,027510889;0,215436344;0,019055171
1;B;2;8;0,35414235;0,964330856;0,084582335;0,8068155;0,058323353;0,388546824;1,031491132;0,090568264;0,799029298;0,062731297
1;B;2;9;0,07516607;0,204677471;0,017952447;0,205188382;0,012379026;0,085593385;0,227228257;0,019951377;0,213845512;0,013819143
2;B;1;2;0,049542169;0,153070579;0,029820157;0,028247628;0,009257807;0,046827988;0,142360215;0,028168357;0,027521597;0,008657797
2;B;1;4;0,019536671;0,060362508;0,011759408;0,034372657;0,003650763;0,020146707;0,061247335;0,012118813;0,034071828;0,003724826
2;B;2;1;0,163746852;0,505929111;0,044375502;0,215445202;0,030598919;0,153755601;0,467427306;0,041041632;0,215202117;0,028427119
2;B;2;2;0,225557705;0,696906277;0,061126283;0,128607009;0,042149342;0,214301563;0,651491078;0,057203028;0,125948635;0,039621165
2;B;2;3;0,150019794;0,46351658;0,04065546;0,185498258;0,028033782;0,152514953;0,463655653;0,040710469;0,184491914;0,028197741
2;B;2;4;0,042774431;0,13216028;0,011591898;0,075256977;0,007993139;0,04768483;0,144965072;0,012728403;0,080643916;0,008816214
2;B;2;7;0,163449538;0,505010498;0,04429493;0,364596137;0,030543361;0,163483745;0,497001513;0,043638343;0,341729603;0,030225708
2;B;2;8;0,334982815;1,034997347;0,090780558;0,865939212;0,062597308;0,343775058;1,045099159;0,091763093;0,809570553;0,063558884
3;B;1;1;0,034164596;0,366296018;0,071359269;0,155983749;0,02215382;0,031151169;0,334818965;0,06624955;0,154149638;0,020362393
3;B;1;2;0,293845029;3,150462038;0,613751333;0,581385923;0,190541978;0,287718781;3,092458723;0,611894849;0,597845418;0,188071365
3;B;1;3;0,07486408;0,80265589;0,156367896;0,321221021;0,048545147;0,075902426;0,81581438;0,161422564;0,324618401;0,049614672
3;B;1;4;0,059711859;0,640201217;0,124719595;0,364554376;0,038719783;0,062226346;0,66882115;0,132337487;0,372064498;0,040675113
3;B;1;7;0,024470115;0,262356554;0,051110498;0,189410293;0,015867494;0,029930177;0,321695495;0,063652852;0,221192232;0,019564274
3;B;1;8;0,044274671;0,474691273;0,092476087;0,397154436;0,028709635;0,047563135;0,51121804;0,101153067;0,396007468;0,031090302
3;B;1;9;0,007651243;0,082032866;0,015981078;0,082237635;0,004961401;0,007853381;0,084409697;0,016701875;0,079438337;0,005133471
3;B;2;1;0,629579967;6,750047096;0,592052763;2,874444722;0,408247207;0,57088466;6,135981947;0,5387591;2,824987513;0,373166662
3;B;2;2;2,443824173;26,20148213;2,2981558;4,835218674;1,584682558;2,366271607;25,43315818;2,233113708;4,916831054;1,546746199
3;B;2;3;1,25876484;13,49585818;1,183733981;5,401011073;0,816238217;1,243119764;13,36129863;1,173165319;5,316556689;0,812582446
3;B;2;4;0,161914403;1,735966676;0,152263214;0,988523969;0,104992386;0,168422757;1,810241315;0,158945054;1,007035328;0,110091867
3;B;2;5;0,010258584;0,109987496;0,009647103;0,262699021;0,006652115;0,011319151;0,12166049;0,010682185;0,269166532;0,00739892
3;B;2;7;1,225471328;13,1389015;1,152424987;9,485729009;0,794649247;1,314050172;14,12367278;1,24010424;9,711191962;0,858947089
3;B;2;8;2,386783021;25,58991492;2,244514685;21,41001698;1,547694579;2,40173455;25,81432095;2,266581034;19,99668062;1,569927043
3;B;2;9;0,108144704;1,15947438;0,101698551;1,162368629;0,070125759;0,122276768;1,314255036;0,115395851;1,236851196;0,079927902
3;C;1;1;0,150638435;0,76884279;0,314637073;0,687763073;0,097680554;0,137918359;0,695626665;0,293312565;0,68248049;0,090152245
3;C;1;2;0,516003559;2,633628113;1,077771752;1,020936806;0,334599293;0,492782947;2,485477348;1,048007173;1,023944372;0,322114396
3;C;1;3;0,337582536;1,722985901;0,705105449;1,448473105;0,218903292;0,340886296;1,719347579;0,724966815;1,457897596;0,222825047
3;C;1;4;0,321213186;1,639438455;0,670914943;1,961078995;0,208288689;0,325286761;1,640667318;0,691791104;1,944958419;0,212628195
3;C;1;5;0,005791222;0,02955779;0,01209607;0,148300032;0,003755282;0,005813143;0,02932008;0,012362878;0,138235062;0,003799841
3;C;1;6;0,094734003;0,48351243;0,197870017;1,96990309;0,061429674;0,098435452;0,496484483;0,209343811;2,005011079;0,064343696
3;C;1;7;0,29151977;1,487886367;0,608894585;2,256501213;0,189034178;0,309024529;1,558644576;0,657206028;2,28377621;0,201998162
3;C;1;8;0,073073227;0,372958095;0,152627357;0,655484396;0,047383879;0,079388589;0,40041674;0,168836628;0,660984066;0,051893451
3;C;1;9;0,267948187;1,367579479;0,559660844;2,87997985;0,173749333;0,302100871;1,523723331;0,642481406;3,055803903;0,197472417
3;C;2;1;1,107168678;5,650872952;1,041173971;5,054949852;0,717936631;1,002828111;5,058021127;0,94639567;4,962433028;0,65551248
3;C;2;2;1,914056083;9,76914174;1,799965454;3,787048109;1,241157741;1,81708637;9,164941775;1,714832934;3,775689429;1,187763665
3;C;2;3;1,77834352;9,076479035;1,672342274;7,630379194;1,153155775;1,832838917;9,244393792;1,729699033;7,838659066;1,198060535
3;C;2;4;0,538966646;2,750829303;0,506840606;3,290513009;0,349489564;0,552118335;2,784750618;0,521048817;3,301232431;0,360899794
3;C;2;5;0,041996763;0,21434708;0,039493473;1,075441668;0,027232539;0,04549706;0,229476109;0,042936791;1,081908507;0,029739783
3;C;2;6;0,226258378;1,154799061;0,212771856;4,704826804;0,146715836;0,230944997;1,164830405;0,217948961;4,704070207;0,150960395
3;C;2;7;1,960391371;10,0056322;1,843538847;15,17435853;1,27120357;2,095395421;10,56866495;1,977480617;15,48554812;1,369684229
3;C;2;8;1,345628044;6,867944574;1,265419553;12,07060676;0,872564121;1,443696695;7,281655052;1,362455125;12,02012176;0,943692334
3;C;2;9;0,735266393;3,752722645;0,691439566;7,902842773;0,476778911;0,797958851;4,024710396;0,753055077;8,07149532;0,521596851
2;C;1;1;0,446866322;0,657264512;0,268975381;0,587951486;0,083504668;0,420826102;0,600349624;0,253138784;0,589004025;0,077804474
2;C;1;2;0,662285902;0,974110151;0,39863958;0,37761782;0,123759526;0,649562327;0,926664237;0,390730082;0,381758712;0,120094392
2;C;1;3;0,451686843;0,66435468;0,271876923;0,558507116;0,084405465;0,455511424;0,649831631;0,274002984;0,551015969;0,084217273
2;C;1;4;0,502382056;0,738918734;0,302391114;0,883886799;0,093878739;0,516766169;0,73721752;0,310849443;0,873947695;0,095542362
2;C;1;7;0,549403407;0,808079161;0,330693954;1,225518055;0,102665488;0,563685032;0,80415187;0,339072464;1,178269208;0,10421696
2;C;1;9;0,15016208;0,220862932;0,090384754;0,465114317;0,028060371;0,161327647;0,230149679;0,097043135;0,461561671;0,029827077
2;C;2;1;2,312307121;3,401011303;0,626636712;3,042351462;0,432094407;2,168959725;3,094233341;0,578955477;3,035757531;0,401008323
2;C;2;2;2,063562491;3,035150172;0,559226758;1,176588489;0,385612189;2,033151986;2,900490309;0,542704627;1,19491764;0,375899497
2;C;2;3;1,982572369;2,91602745;0,537278383;2,451434647;0,37047779;2,076744416;2,962679178;0,554340655;2,51216386;0,383959087
2;C;2;4;0,686141562;1,009197777;0,185944803;1,207191741;0,128217367;0,709545076;1,012235499;0,18939725;1,199972679;0,131184308
2;C;2;7;3,236476472;4,760307558;0,877087198;7,219395253;0,604791366;3,480850276;4,965773618;0,929135433;7,276011369;0,643557331
2;C;2;8;1,547344453;2,275881057;0,419331338;3,999925301;0,289147959;1,715422062;2,447217474;0,457893702;4,039720612;0,31715597
2;C;2;9;0,774547287;1,139227593;0,209902811;2,399094578;0,144737499;0,841987426;1,201177475;0,224749785;2,408943108;0,155670925
1;C;1;1;0,616367785;0,798976452;0,32696881;0,714718935;0,101509;0,598660859;0,745798386;0,314467585;0,73170405;0,09665443
1;C;1;2;0,419240133;0,543446628;0,222397164;0,210669328;0,069044242;0,412675741;0,514102263;0,216772388;0,211795178;0,066626936
1;C;1;4;0,708412925;0,918291415;0,375796621;1,098450508;0,116667823;0,707012633;0,880780617;0,371383149;1,044137138;0,114147939
1;C;1;9;0,191526132;0,248268766;0,10160017;0,522828146;0,031542249;0,195169625;0,243137979;0,102519681;0,487609509;0,031510343
1;C;2;1;2,087959126;2,706549911;0,498682123;2,421125761;0,34386392;2,032906447;2,532549649;0,473860026;2,484688717;0,3282149
1;C;2;2;1,103296966;1,430166073;0,263508258;0,55440978;0,181700884;1,108358265;1,380768082;0,258352605;0,568836287;0,178945617
1;C;2;3;1,458725632;1,890896082;0,348397814;1,589631185;0,240236079;1,496211409;1,863946904;0,348759176;1,580508644;0,241564918
1;C;2;4;0,53715023;0,696289449;0,128291408;0,832894097;0,088462739;0,552255396;0,687987493;0,128727889;0,815587079;0,089162219
1;C;2;7;4,479889416;5,807127233;1,06996384;8,806982799;0,73778855;4,688303171;5,840583844;1,09281933;8,557811476;0,756931516
1;C;2;8;1,329474029;1,723351655;0,317527734;3,028839256;0,218949761;1,416674423;1,764861496;0,330219514;2,913328071;0,228723587
1;C;2;9;0,68433903;0,887085249;0,163445556;1,86810908;0,112703117;0,756282152;0,942159489;0,176285476;1,889486486;0,122102555
2;D;1;2;0,092343548;1,804378906;0,055582934;0,052651837;0,017255982;0,094084484;1,769886347;0,056594474;0,055295034;0,017394819
2;D;1;4;0,035627002;0,696146199;0,021444414;0,06268185;0,006657519;0,039174993;0,736947079;0,023564865;0,066252199;0,007242872
2;D;2;1;0,285749405;5,583499958;0,077438272;0,375966545;0,053397197;0,269752543;5,074496075;0,072004432;0,377555795;0,049873224
2;D;2;2;0,378806603;7,401823463;0,102656832;0,215985457;0,070786537;0,380599237;7,159707608;0,101592487;0,223684577;0,070367126
2;D;2;3;0,203501467;3,976387741;0,055149028;0,251627912;0,038027754;0,233399725;4,390638827;0,062300857;0,282335347;0,04315213
2;D;2;4;0,033032167;0,645443527;0,008951738;0,058116519;0,006172629;0,036701389;0,690414462;0,009796618;0,062068875;0,00678554
3;D;1;1;0,007777292;0,527337664;0,016244357;0,03550843;0,005043137;0,007447945;0,495354831;0,015839631;0,036855696;0,004868452
3;D;1;2;0,083320622;5,649537269;0,174030994;0,164853687;0,054028738;0,082260005;5,471024654;0,174943301;0,17092651;0,053770391
3;D;1;3;0,006790754;0,460445623;0,014183783;0,029137242;0,004403422;0,007444608;0,495132887;0,015832534;0,031838992;0,004866271
3;D;1;4;0,037812456;2,563865651;0,078978519;0,230853578;0,024519252;0,040428268;2,688840687;0,085979263;0,241729173;0,026426497
3;D;2;1;0,16141154;10,9444756;0,151790326;0,736949353;0,104666307;0,151012933;10,04370809;0,142514938;0,747278181;0,098711695
3;D;2;2;0,519891228;35,25111557;0,48890221;1,028628737;0,337120227;0,519746871;34,56780651;0,490499002;1,079972201;0,339739738
3;D;2;3;0,139669284;9,470246488;0,131344054;0,59928219;0,090567677;0,162913043;10,83517166;0,15374539;0,696744156;0,106490367
3;D;2;4;0,040395725;2,739023643;0,037987868;0,246625017;0,026194356;0,04296062;2,857264701;0,040543084;0,256870641;0,028081804
3;D;2;7;0,089157076;6,045276811;0,083842714;0,690118031;0,05781335;0,090996692;6,05209232;0,085876008;0,672490567;0,059481248
3;D;2;8;0,092043584;6,240995887;0,086557167;0,825653056;0,059685088;0,100310042;6,671513259;0,094665266;0,83517468;0,065569048
3;E;1;1;0,00397079;0,535753268;0,008293751;0,018129255;0,002574834;0,003641303;0,481192677;0,007744001;0,018018764;0,002380188
3;E;1;2;0,035177169;4,746230318;0,07347422;0,069599649;0,022810416;0,033815016;4,468603096;0,071914785;0,070263583;0,022103654
3;E;1;3;0,009128143;1,231601973;0,019065867;0,039166334;0,005919088;0,008995196;1,188701446;0,019130186;0,038470523;0,005879834
3;E;1;4;0,016034102;2,163378811;0,033490278;0,097891813;0,010397214;0,016320818;2,156771402;0,034709673;0,097585629;0,010668329
3;E;1;7;0,00601004;0,81089624;0,012553114;0,046520559;0,003897173;0,006199666;0,819276517;0,013184902;0,045817239;0,004052498
3;E;1;9;0,01358894;1,83346868;0,02838309;0,146057613;0,008811663;0,014007503;1,851070216;0,029789917;0,141688373;0,009156198
3;E;2;1;0,045143879;6,090974684;0,042453;0,206111362;0,029273267;0,04140971;5,47223036;0,039079449;0,204913395;0,02706803
3;E;2;2;0,137449334;18,54515908;0,129256429;0,271949838;0,089128164;0,129772564;17,14924748;0,122469834;0,269651958;0,084827633
3;E;2;3;0,056875344;7,673826263;0,053485191;0,244036341;0,036880463;0,057984877;7,662613566;0,054721877;0,247988887;0,037902618
3;E;2;4;0,017327384;2,337873057;0,016294555;0,105787591;0,011235834;0,017609125;2,327019218;0,016618202;0,10528869;0,011510449
3;E;2;7;0,042707938;5,762308776;0,040162257;0,330579686;0,027693696;0,048645526;6,428432515;0,045908082;0,359503811;0,031797822
3;E;2;8;0,081733893;11,02783111;0,076862003;0,73317265;0,052999834;0,090243616;11,92555696;0,08516531;0,751362288;0,058988989
3;E;2;9;0,074717988;10,08121993;0,070264293;0,803089213;0,048450414;0,079544369;10,51166772;0,075068145;0,804605403;0,051995278
2;E;1;2;0,023355748;0,908118483;0,014058167;0,013316827;0,004364424;0,023741311;0,887389561;0,014281069;0,013953168;0,004389415
2;E;1;4;0,012047653;0,468436977;0,007251659;0,02119654;0,002251311;0,012943848;0,483807987;0,00778609;0,021890455;0,002393125
2;E;2;1;0,065163198;2,533676241;0,017659268;0,0857366;0,012176866;0,064050956;2,394061107;0,017096976;0,089648124;0,011842067
2;E;2;2;0,057275642;2,226992197;0,015521736;0,032657049;0,01070294;0,058264211;2,177767378;0,015552333;0,034242858;0,010772184
2;E;2;3;0,044000603;1,710831956;0,011924192;0,054406388;0,00822227;0,046422795;1,73516548;0,012391531;0,056156004;0,008582883
2;E;2;4;0,012593381;0,489656001;0,003412814;0,02215669;0,00235329;0,013878012;0,518724631;0,003704426;0,023470299;0,002565838
2;E;2;7;0,035382963;1,37576079;0,009588806;0,078926449;0,006611916;0,038522515;1,439873195;0,010282727;0,080523502;0,007122239
2;E;2;8;0,187858441;7,304314149;0,050909758;0,485618913;0,035104585;0,204389685;7,639564317;0,054557273;0,481325991;0,037788606
2;E;2;9;0,035806136;1,392214603;0,009703486;0,110906472;0,006690993;0,044198721;1,652035276;0,011797864;0,126453437;0,008171685
1;E;1;4;0,034516136;1,18277568;0,018310009;0,05352001;0,005684428;0,036642011;1,195991004;0,019247499;0,054114003;0,005915891
1;E;2;1;0,104501548;3,580988614;0,024958848;0,121176409;0,017210256;0,103467549;3,377168892;0,024117753;0,126461625;0,016704945
1;E;2;2;0,094870438;3,250956237;0,022658581;0,047672658;0,015624118;0,100579112;3,282890643;0,023444473;0,051619635;0,016238604
1;E;2;4;0,02144188;0,734755889;0,005121117;0,033247338;0,003531242;0,023688115;0,773177357;0,005521578;0,034983308;0,003824471
1;F;1;1;0,448966986;0,701306603;0,23816657;0,520606712;0,073939928;0,441716867;0,660373441;0,232027256;0,539881665;0,071315656
1;F;1;4;0,558999241;0,87318193;0,296536129;0,866772724;0,092061031;0,574998419;0,85963139;0,30203806;0,849174648;0,092834104
1;F;2;1;2,056921401;3,213003642;0,491269162;2,38513548;0,338752348;2,003956233;2,995945074;0,46711188;2,449304762;0,323540858
1;F;2;2;1,466541516;2,290803736;0,350264537;0,736941172;0,241523269;1,525412323;2,280514644;0,355565758;0,782878524;0,246279436
1;F;2;3;1,862875165;2,909894703;0,44492372;2,030048962;0,306795065;2,021994229;3,022912152;0,471316444;2,135914309;0,326453111
1;F;2;4;0,323639411;0,5055393;0,077297101;0,501828612;0,053299854;0,344156912;0,514519822;0,080221204;0,508261092;0,055564498
1;F;2;8;1,48813756;2,324537727;0,355422474;3,390310274;0,2450799;1,617051369;2,417516412;0,376926348;3,325394366;0,261074657
1;F;2;9;1,410245643;2,202867054;0,336818993;3,849689371;0,232251958;1,542850967;2,306585681;0,359630616;3,854640817;0,249094924
2;F;1;1;0,116278965;0,206092976;0,069990011;0,152990698;0,021728727;0,112072919;0,191870098;0,067415025;0,156861469;0,020720612
2;F;1;2;0,33612806;0,595753773;0,2023204;0,191651287;0,062811317;0,332033656;0,568445354;0,19972762;0,195141768;0,061388074
2;F;1;3;0,179914357;0,318880419;0,108293085;0,222462642;0,033620096;0,18063938;0,30925665;0,108659688;0,218513033;0,033397529
2;F;1;4;0,271951853;0,482007786;0,163691801;0,478469821;0,050818887;0,276609833;0,473559146;0,166388626;0,46779867;0,051141035
2;F;1;9;0,111249071;0,197177986;0,066962445;0,34458457;0,020788805;0,116840932;0,20003299;0,07028312;0,334284277;0,021602147
2;F;2;1;0,94993003;1,683657113;0,257431647;1,249843064;0,177510785;0,905523232;1,550265958;0,241709253;1,267404342;0,167417748
2;F;2;2;2,154560423;3,81874545;0,583887255;1,228473092;0,40261672;2,116551125;3,623559331;0,564966169;1,243932718;0,391318754
2;F;2;3;1,401301938;2,483669217;0,379753723;1,732698475;0,2618574;1,436328049;2,459009775;0,383395773;1,737474958;0,265555647
2;F;2;4;0,431377073;0,764573236;0,116903463;0,758961224;0,080610235;0,448787463;0,768329183;0,119793815;0,758983061;0,082974112
2;F;2;7;3,718030054;6,589840879;1,007588527;8,293565164;0,694777946;3,950103202;6,762621109;1,054392047;8,256889418;0,730315203
2;F;2;8;1,197010041;2,121582016;0,324390488;3,094301814;0,22368194;1,300910651;2,227173665;0,347249116;3,063570002;0,240518988
2;F;2;9;1,99504847;3,536026275;0,540659414;6,179493558;0,372809164;2,174985559;3,723599739;0,580563939;6,222677811;0,40212241
3;F;1;1;0,041799291;0,257081095;0,087305784;0,190841128;0,02710449;0,038830271;0,235033411;0,082580785;0,192149201;0,025381944
3;F;1;2;0,271280427;1,668474932;0,566620861;0,536740818;0,175910103;0,262050935;1,586152329;0,557306745;0,544510686;0,171293222
3;F;1;3;0,107512356;0,661240745;0,224560042;0,461305726;0,069715718;0,106583003;0,645129844;0,226671302;0,455832652;0,069669456
3;F;1;4;0,091874377;0,56506139;0,191897142;0,560913807;0,059575367;0,094323648;0,57092593;0,200599189;0,563981063;0,061655958
3;F;1;7;0,050922437;0,313191815;0,106361212;0,394163801;0,033020337;0,052837164;0,31981489;0,112369406;0,390481166;0,034537744
3;F;1;9;0,124975966;0,768648399;0,261036117;1,343275605;0,081039886;0,130308992;0,788739451;0,277129635;1,318098568;0,085178277
3;F;2;1;0,768456261;4,726290139;0,722651094;3,50850592;0,498300674;0,707620131;4,283111289;0,667800015;3,501614555;0,462545696
3;F;2;2;1,742750866;10,7185622;1,638871181;3,448112848;1,13007594;1,686613673;10,20880235;1,591702365;3,504582677;1,10247838
3;F;2;3;1,205557606;7,414625031;1,133698257;5,172713579;0,781736318;1,217017486;7,36641187;1,148531903;5,204922845;0,795520331
3;F;2;4;0,297433592;1,829326564;0,279704547;1,815899201;0,192868959;0,303630004;1,837823769;0,286543743;1,815468084;0,198471956
3;F;2;5;0,015795587;0,0971487;0,014854064;0,404489085;0,01024255;0,016750609;0,10138875;0,015807997;0,398325206;0,010949267
3;F;2;7;3,531909194;21,72254746;3,321383628;27,33865145;2,29024451;3,688900833;22,32832575;3,48131423;27,26199112;2,411301105
3;F;2;8;0,827036376;5,086579505;0,77773944;7,418714935;0,536286585;0,871301695;5,273849568;0,822270678;7,254399415;0,569538417
3;F;2;9;1,032796477;6,352080206;0,971234853;11,10077688;0,66971044;1,080281225;6,538769184;1,019490241;10,92723622;0,70614078
3;G;1;1;0,275176438;1,209281594;0,574758422;1,256360591;0,178436447;0,253512604;1,124432685;0,539148178;1,254491479;0,165712024
3;G;1;2;0,790601333;3,474351394;1,651321525;1,564241148;0,512660509;0,754305446;3,345654946;1,604190089;1,567357032;0,493062199
3;G;1;3;0,538564905;2,366760146;1,124895421;2,310832748;0,349229057;0,540588016;2,397730228;1,149674766;2,311979036;0,353362842
3;G;1;4;1,263174142;5,551104781;2,638379879;7,711963213;0,819097402;1,36451551;6,052187596;2,901930866;8,15872716;0,891934456
3;G;1;5;0,055329649;0,243149911;0,115566515;1,416866581;0,035878166;0,060276883;0,267352771;0,128191542;1,433368921;0,039400819
3;G;1;6;1,125696162;4,946948435;2,351230923;23,40777616;0,729950662;1,203213822;5,336748258;2,558888707;24,50800998;0,786497374
3;G;1;7;0,140652942;0,618108933;0,29378047;1,088720451;0,091205524;0,151607857;0,672443211;0,322426177;1,120423735;0,099100575
3;G;1;8;0,011592225;0,050942824;0,024212572;0,103985047;0,007516906;0,011273387;0,050002108;0,023975242;0,093861462;0,007369005
3;G;1;9;0,434173501;1,908005014;0,906854083;4,666614643;0,281537101;0,476043417;2,111448381;1,012407023;4,815263607;0,311172371
3;G;2;1;1,059651215;4,656709417;0,996488868;4,838001523;0,687124228;0,964594972;4,278375498;0,910314035;4,773238698;0,630520859
3;G;2;2;1,269678696;5,579689487;1,193997298;2,512117774;0,82331524;1,211164367;5,372012191;1,143008158;2,516655548;0,791694358
3;G;2;3;1,084173952;4,764476257;1,019549886;4,651889961;0,703025844;1,074614048;4,766355356;1,014141975;4,595893871;0,702436351
3;G;2;4;0,801478811;3,522153212;0,753705278;4,893209022;0,519713941;0,837823571;3,716092187;0,790676479;5,009524537;0,547654978
3;G;2;5;0,12456378;0,547404014;0,11713894;3,189795344;0,080772607;0,136187565;0,604047871;0,128523842;3,238505593;0,089020887
3;G;2;6;0,86153331;3,786066795;0,810180125;17,91476205;0,558655907;0,906923079;4,022576929;0,85588753;18,47292598;0,592822828
3;G;2;7;0,273343856;1,201228187;0,257050722;2,115811021;0,17724812;0,292185835;1,295964374;0,275743576;2,159333637;0,190991317
3;G;2;8;0,185601224;0,815637219;0,174538142;1,664887562;0,120351958;0,200879838;0,890984716;0,189575668;1,672512046;0,131307887
3;G;2;9;0,636558396;2,797399216;0,59861523;6,841902431;0,412772326;0,693780254;3,077200822;0,654738954;7,01771034;0,453499069
2;G;1;1;0,593361777;0,751443913;0,35715314;0,780698659;0,110879867;0,55883247;0,701072563;0,336153511;0,782162923;0,103319794
2;G;1;2;1,209366091;1,531562739;0,727935154;0,689548404;0,225990881;1,165349561;1,461966953;0,700990668;0,68489555;0,215455763
2;G;1;3;1,176407474;1,48982336;0,70809688;1,454618295;0,219831996;1,166040817;1,462834156;0,701406478;1,410518106;0,215583566
2;G;1;4;0,951331787;1,204783505;0,572620529;1,673765211;0,177772728;0,967433239;1,213674825;0,581938412;1,636109523;0,178863986
2;G;1;6;0,847620426;1,073441591;0,510195143;5,079268729;0,158392474;0,844220822;1,05910105;0,507822664;4,863721848;0,156083846
2;G;1;7;0,195582167;0,247688737;0,11772377;0,43627228;0,036547896;0,207710202;0,260578852;0,124943552;0,434176041;0,03840252
2;G;1;9;0,175689528;0,222496345;0,105750099;0,544183423;0,032830614;0,174855146;0,219361172;0,105180308;0,500264122;0,03232811
2;G;2;1;3,054238559;3,867942063;0,827700607;4,018526371;0,570737073;2,838984276;3,561593303;0,757803604;3,97354907;0,524885876
2;G;2;2;2,731783244;3,459578915;0,74031501;1,557590203;0,510480744;2,616741817;3,282783286;0,698480931;1,537903206;0,483796558
2;G;2;3;2,329880324;2,950601904;0,631399061;2,880878114;0,435378262;2,33895189;2,934287258;0,624331098;2,829346915;0,432437341
2;G;2;4;1,070103745;1,355198426;0,289998801;1,882731603;0,199967313;1,085428913;1,361704036;0,289731067;1,835662152;0,200679627
2;G;2;6;1,03846087;1,315125326;0,281423561;6,222858326;0,194054297;1,010123244;1,267230753;0,269629896;5,819518261;0,186756731
2;G;2;7;0,915039925;1,158822845;0,247976406;2,041119392;0,170990968;0,953747881;1,196506121;0,254581749;1,993616465;0,176333767
2;G;2;8;0,492539139;0,62376033;0,133478422;1,273226371;0,09203942;0,515533478;0,646752643;0,137610177;1,214051786;0,095314456
2;G;2;9;0,698395871;0,884460959;0,189265729;2,163222022;0,130507296;0,723243318;0,907331041;0,193053691;2,069213808;0,133716909
1;G;1;1;1,121681692;1,251924461;0,595026114;1,300663603;0,184728647;1,071772959;1,174148792;0,562986287;1,309958056;0,17303888
1;G;1;2;1,351799898;1,508762575;0,717098484;0,679283191;0,222626586;1,325633778;1,452258416;0,696335574;0,680347339;0,214024978
1;G;1;3;0,993140817;1,108458211;0,526838162;1,082264943;0,163559377;0,983240753;1,077159983;0,516481645;1,038636987;0,158745262
1;G;1;4;1,973666679;2,202836696;1,046984383;3,06032695;0,32504121;1,997335662;2,188121314;1,049170515;2,949724295;0,32247196
1;G;1;6;2,023650711;2,258624566;1,073499753;10,68727094;0,333273031;2,023963125;2,217292234;1,063157523;10,18249645;0,326770992
1;G;2;1;5,349003311;5,970096627;1,27754049;6,202520705;0,880922056;5,082002961;5,567436264;1,184588724;6,211400153;0,820494764
1;G;2;2;3,050812685;3,405054262;0,728647284;1,533041821;0,502435319;2,982047133;3,266892498;0,695099833;1,530458763;0,48145467
1;G;2;3;3,510810777;3,918464499;0,838511899;3,825869767;0,578191949;3,525874308;3,862666086;0,821863147;3,72452368;0,569256144
1;G;2;4;1,113183534;1,242439549;0,265869538;1,726079488;0,183329093;1,129661943;1,237567336;0,263318382;1,668318121;0,182385118
1;G;2;6;2,551090718;2,847307658;0,609295134;13,47277846;0,420136603;2,60050636;2,848906922;0,606164643;13,0830678;0,419854508
1;G;2;7;1,511340695;1,686828267;0,360964243;2,971133943;0,248901202;1,567739646;1,717490254;0,365432039;2,861679341;0,253113227
1;G;2;8;1,000604563;1,116788602;0,238981502;2,279601041;0,164788574;1,05150851;1,151948681;0,24510122;2,162380579;0,169767163
1;G;2;9;1,17037007;1,306266233;0,279527805;3,194876893;0,192747087;1,204654397;1,319723076;0,280798737;3,009694462;0,194492729
1;H;1;2;0,176159524;0,496675775;0,09344854;0,088520648;0,029011537;0,17916663;0,461486656;0,094113548;0,091952651;0,028926642
1;H;1;4;0,481217325;1,356775852;0,255274627;0,746165685;0,079251205;0,493061477;1,269998169;0,258997811;0,728167751;0,079605298
1;H;2;1;0,836995682;2,359880807;0,19990563;0,970551474;0,13784399;0,818305497;2,107742203;0,190742798;1,00016134;0,13211629
1;H;2;2;0,383167862;1,08032873;0,091514705;0,192542911;0,063103536;0,382373622;0,984895033;0,089129322;0,196243397;0,061734626
1;H;2;3;0,288595111;0,813684082;0,068927222;0,31449354;0,047528443;0,316315401;0,814746231;0,073731491;0,334136755;0,051069457
1;H;2;4;0,472302736;1,331641472;0,11280342;0,732342907;0,07778307;0,489989736;1,262086162;0,114214084;0,723631313;0,079109362
1;H;2;7;0,254798103;0,718394569;0,060855242;0,500905782;0,041962447;0,272087748;0,700827295;0,063422253;0,496656373;0,043928855
1;H;2;8;4,67065685;13,16875784;1,115526182;10,64080118;0,769205849;4,959419045;12,77417402;1,156015044;10,19882514;0,800703461
2;H;1;2;0,265722308;0,850087005;0,159942147;0,151507798;0,049654789;0,282224563;0,832449374;0,169766044;0,165868126;0,052179115
2;H;1;4;0,316580926;1,012791636;0,190554694;0,55698984;0,059158598;0,341503524;1,007298554;0,205424013;0,577545969;0,063138911
2;H;2;1;0,97577826;3,121666468;0,264436534;1,283852127;0,182340972;0,941217117;2,776213347;0,25123694;1,317362843;0,174017015
2;H;2;2;0,785288486;2,512260046;0,212813683;0,447750624;0,146744678;0,820949081;2,421470835;0,219134068;0,482485592;0,151781248
2;H;2;3;0,687019798;2,197883224;0,186182806;0,849494406;0,128381481;0,737956428;2,176675761;0,196981028;0,892679645;0,136437144
2;H;2;4;0,370973386;1,186801581;0,100534025;0,652687482;0,069322766;0,387967729;1,144349343;0,103559342;0,656125582;0,07172945
2;H;2;8;2,574269763;8,235489487;0,697628755;6,654553701;0,481046638;2,776837612;8,190558271;0,741214936;6,539293381;0,513395884
3;H;1;1;0,102011148;1,132458219;0,213069719;0,465747673;0,066148493;0,092448853;0,964088974;0,196612042;0,457477446;0,060430473
3;H;1;2;0,26147855;2,902756616;0,546147774;0,517347354;0,169554137;0,249616378;2,603086883;0,530862028;0,518673154;0,163165201
3;H;1;3;0,173182528;1,922554369;0,361724708;0,743078232;0,112299131;0,17314531;1,805619848;0,368230127;0,740505367;0,113178829
3;H;1;4;0,192511153;2,137127591;0,402096225;1,175324038;0,124832658;0,201576603;2,102111311;0,428695285;1,205269192;0,131763338
3;H;1;5;0,112576249;1,249744778;0,235136947;2,882821925;0,072999368;0,105778092;1,103090941;0,224959489;2,515376093;0,069143315
3;H;1;6;0,018465793;0,204994651;0,038569328;0,383978532;0,011974029;0,018553906;0,193486623;0,039458806;0,377920624;0,012128018
3;H;1;7;0,017507532;0,194356688;0,036567817;0,135516599;0,01135265;0,0192815;0,201074221;0,041006187;0,142495582;0,012603619
3;H;1;8;0,034367934;0,381529375;0,071783979;0,308288623;0,022285673;0,041861733;0,43654879;0,08902783;0,348537977;0,027363501
3;H;1;9;0,02986145;0,33150146;0,062371328;0,320958969;0,019363471;0,033858975;0,353093234;0,072008273;0,34248954;0,022132388
3;H;2;1;0,533030639;5,917342783;0,501258424;2,433633828;0,345640396;0,490702455;5,117216809;0,463089011;2,42821082;0,320754454
3;H;2;2;0,605645208;6,723460236;0,569544677;1,198296937;0,392726862;0,58445954;6,094948476;0,551570076;1,214437432;0,38204007
3;H;2;3;0,867786289;9,63357181;0,816060384;3,723430467;0,562710612;0,872637426;9,100168253;0,823531243;3,732083165;0,570411536
3;H;2;4;0,357790333;3,971944374;0,336463621;2,184390731;0,232006912;0,402908712;4,201672956;0,380235712;2,409076503;0,263366858
3;H;2;5;0,11836813;1,314042287;0,111312593;3,031138822;0,076755076;0,124968786;1,303218207;0,117936381;2,971725904;0,081687577
3;H;2;6;0,014166707;0,157269122;0,013322276;0,294583134;0,009186313;0,015025999;0,156696375;0,014180437;0,306061427;0,009821952
3;H;2;7;0,183420918;2,036213994;0,172487796;1,419764856;0,118938151;0,212239719;2,213310018;0,200296291;1,568509865;0,138733431
3;H;2;8;1,495711271;16,6043669;1,40655681;13,41688936;0,969884654;1,916472109;19,98564138;1,80862591;15,95641812;1,252728529
3;H;2;9;0,246965819;2,741646165;0,232244993;2,654455659;0,160143446;0,301098019;3,139955445;0,284154242;3,045659876;0,196816889
3;I;1;1;0,029820225;0,905483711;0,062285222;0,13614885;0,019336739;0,028120237;0,860517405;0,059803632;0,139151257;0,018381182
3;I;1;2;0,092173114;2,798813668;0,192521112;0,182368751;0,059769082;0,090412178;2,766735339;0,192280622;0,187865757;0,059099172
3;I;1;3;0,056037558;1,701566505;0,117045118;0,240441632;0,036337205;0,054979129;1,682435952;0,116924748;0,235133947;0,035937869
3;I;1;4;0,126907305;3,853508738;0,265070088;0,77479774;0,082292252;0,127395465;3,898474076;0,270933403;0,761724458;0,083273809
3;I;1;5;0,419962722;12,75206351;0,877172164;10,75429097;0,272322211;0,421368123;12,89443631;0,896128445;10,02002663;0,275433108
3;I;1;6;0,008974963;0,272522508;0,01874592;0,186625775;0,005819759;0,00924587;0,282936168;0,019663298;0,188327187;0,006043691
3;I;1;7;0,252720671;7,673800248;0,527855273;1,956177792;0,163875144;0,242532678;7,421829021;0,515797042;1,792383153;0,158534843
3;I;1;9;0,251911247;7,649222306;0,526164638;2,707610464;0,163350279;0,273525818;8,370261178;0,581710511;2,766762172;0,178793938
3;I;2;1;0,09743755;2,958666962;0,091629616;0,444866208;0,063182772;0,090955689;2,783367499;0,085837313;0,450088615;0,059454445
3;I;2;2;0,115096271;3,494869614;0,108235758;0,227723273;0,07463346;0,109788825;3,359687018;0,103610646;0,228128125;0,071764986
3;I;2;3;0,105725836;3,210338681;0,099423864;0,45364026;0,068557259;0,104579061;3,200261169;0,098694053;0,447262221;0,068359551
3;I;2;4;0,10445498;3,171749477;0,09822876;0,637721229;0,067733181;0,104241578;3,189933739;0,098375561;0,623282469;0,068138951
3;I;2;5;0,335442065;10,18561478;0,315447459;8,589908998;0,217515317;0,343140105;10,50055281;0,323830481;8,159784291;0,224298281
3;I;2;6;0,006095235;0,185080284;0,005731918;0,126744582;0,003952417;0,006213382;0,190137906;0,005863734;0,126559065;0,004061463
3;I;2;7;0,091687146;2,784057362;0,086221975;0,709701974;0,059453959;0,089406859;2,735971213;0,084375641;0,660741267;0,058442032
3;I;2;8;0,037795801;1,147660094;0,035542917;0,339037415;0,024508452;0,038269412;1,171095929;0,036115866;0,318628554;0,025015331
3;I;2;9;0,13943745;4,233983456;0,131126039;1,498711562;0,090417346;0,146303298;4,47707942;0,138070329;1,479883807;0,095633176
2;I;1;4;0,133497058;1,168159715;0,080353833;0,23487361;0,024946224;0,133961827;1,159495797;0,080581822;0,226554362;0,024767545
1;I;1;1;0,214899333;1,657284575;0,113999111;0,249189893;0,035391558;0,205240696;1,551281445;0,107809864;0,250852292;0,033136328
1;I;1;3;0,090624573;0,698888659;0,048074233;0,098757192;0,014924871;0,089951656;0,679886288;0,047250258;0,095019574;0,01452279
1;I;1;4;0,316967553;2,444425622;0,168143933;0,491483367;0,052201072;0,316148174;2,389559214;0,166067902;0,466896961;0,051042458
1;I;1;5;0,957203091;7,381865238;0,507774032;6,225402392;0,157640829;0,951191217;7,189438128;0,499646503;5,586778652;0,15357083
1;I;1;9;0,402457708;3,10371811;0,213494477;1,098629285;0,066280361;0,400380588;3,026217454;0,210313927;1,000306179;0,06464187
1;I;2;1;0,369623843;2,850506254;0,08827989;0,428603125;0,060872984;0,353680293;2,673240181;0,082441055;0,432280312;0,057102058
1;I;2;3;0,104742745;0,807766748;0,025016454;0,114142324;0,017249979;0,103202147;0,780038164;0,024055889;0,109016603;0,016662096
1;I;2;4;0,234320417;1,807058249;0,055964411;0,363332418;0,038589997;0,235226757;1,777926649;0,054830146;0,347389821;0,037977609
1;I;2;5;1,180164642;9,101324923;0,281867112;7,675486902;0,194360146;1,189042851;8,98720453;0,277159766;6,983789487;0,191972229
1;J;1;1;0,207791013;0,900229917;0,110228311;0,240947328;0,034220896;0,197034113;0,854269166;0,103499069;0,240821922;0,031811366
1;J;1;2;0,649430687;2,813581426;0,344507912;0,326340718;0,106954096;0,634724281;2,751936571;0,33341116;0,325755863;0,102476908
1;J;1;3;0,135842952;0,588523477;0,072061534;0,148033453;0,022371841;0,130828499;0,567225396;0,068722252;0,138199437;0,0211224
1;J;1;4;0,217424227;0,941964675;0,115338508;0,337133533;0,035807381;0,218117088;0,945677374;0,11457364;0,322121757;0,035215235
1;J;2;1;1,312868993;5,6878492;0,313561836;1,522357837;0,216215094;1,257012325;5,449954085;0,293003101;1,536364029;0,202945972
1;J;2;2;2,139321105;9,268354955;0,510949269;1,075014779;0,352322673;2,095336588;9,084627073;0,48841217;1,07537745;0,338294313
1;J;2;3;0,582995227;2,525757674;0,139240895;0,635313024;0,096012906;0,588519169;2,551607798;0,137180788;0,621676608;0,095017044
1;J;2;4;0,105701887;0,457940887;0,025245533;0,163899171;0,017407939;0,110018459;0,477000534;0,025644736;0,16247851;0,017762597
2;J;1;2;0,755548258;3,714132577;0,454775557;0,430793537;0,141187204;0,731965774;3,634168677;0,440298083;0,430188605;0,135329561
2;J;1;3;0,234603957;1,153268754;0,141211556;0,290085889;0,04383979;0,241283961;1,197961222;0,145139116;0,291872626;0,044609808
2;J;1;4;0,122262172;0,601017754;0,073591391;0,215107046;0,022846792;0,124849857;0,619872481;0,075100715;0,211144327;0,023082878
2;J;2;1;0,754267429;3,707836262;0,204406957;0,992405634;0,140947859;0,715173897;3,550797953;0,190899739;1,000984259;0,132224993
2;J;2;2;2,196271775;10,79645735;0,595191059;1,252255796;0,410411204;2,139890229;10,62443398;0,571196023;1,257649502;0,395633807
2;J;2;3;0,499050134;2,453236227;0,135242906;0,617071441;0,093256112;0,505201632;2,508297533;0,13485232;0,611124446;0,093404251
2;J;2;4;0,111544525;0,548331822;0,030228638;0,196250506;0,020844015;0,114600566;0,568985327;0,030590068;0,193810869;0,021187936
3;J;1;1;0,086289445;1,47194663;0,180231948;0,393967809;0,055953853;0,078347941;1,375290558;0,16662347;0,387699953;0,051213217
3;J;1;2;0,509198218;8,686028741;1,063557501;1,007472125;0,330186412;0,49079784;8,615282339;1,043785425;1,019819557;0,320816804
3;J;1;3;0,193104046;3,294016422;0,403334594;0,828555944;0,125217115;0,198978773;3,492799213;0,423170451;0,850989549;0,13006523
3;J;1;4;0,123391794;2,104847647;0,257727273;0,753334751;0,08001264;0,129152914;2,267102109;0,274670991;0,772232619;0,08442259
3;J;1;6;0,030137941;0,514100431;0,062948833;0,626689693;0,01954276;0,028374772;0,498080167;0,060344954;0,577959775;0,018547562
3;J;2;1;0,32117377;5,478661353;0,302029651;1,466368526;0,20826313;0,289620512;5,083890517;0,273322612;1,433169234;0,189314458
3;J;2;2;1,191735786;20,32892284;1,12070031;2,357904137;0,772773645;1,164471437;20,44069754;1,098942792;2,419633192;0,761172878
3;J;2;3;0,529289569;9,028751949;0,497740347;2,271034852;0,343214523;0,554244683;9,729004575;0,523055509;2,370385673;0,362289711
3;J;2;4;0,098381819;1,678221318;0,0925176;0,600643206;0,063795077;0,099755326;1,751067811;0,094141765;0,596458217;0,06520645
3;J;2;6;0,026977753;0,460193163;0,025369697;0,5609766;0,017493556;0,025842472;0,453629115;0,024388231;0,526379885;0,016892289
3;J;2;7;0,013315483;0,227138792;0,012521791;0,103068151;0,008634342;0,013689881;0,240307062;0,012919506;0,101171981;0,00894858
3;J;2;8;0,017763448;0,303013279;0,016704627;0,159342397;0,011518597;0,021911189;0,38462084;0,020678174;0,182431087;0,014322552
3;J;2;9;0,015574548;0,265674475;0,0146462;0,167399467;0,010099218;0,016031615;0,281412986;0,015129463;0,162162625;0,010479287
3;K;1;1;0,347953517;2,614350028;0,726767218;1,588635601;0,22562829;0,321279252;2,51977855;0,68326829;1,589830556;0,210008632
3;K;1;2;1,88713043;14,17896142;3,941631473;3,733774465;1,223697969;1,792814179;14,06095999;3,812798584;3,725254703;1,171897811
3;K;1;3;1,217332709;9,146433785;2,542631311;5,223237282;0,78937181;1,202015584;9,427353503;2,5563404;5,140762926;0,785714129
3;K;1;4;0,868772835;6,52752789;1,8145976;5,304054222;0,563350332;0,91904647;7,208039622;1,954546723;5,495173444;0,60074745
3;K;2;1;1,177894348;8,850113514;1,107683915;5,377858836;0,763798251;1,073799707;8,421762218;1,01337346;5,313631591;0,701904046
3;K;2;2;2,333966992;17,53626958;2,194846846;4,617861181;1,513446353;2,194605102;17,2121879;2,071107443;4,560128467;1,434534011
3;K;2;3;0,691791717;5,197779607;0,650556273;2,968286533;0,448588028;0,686499875;5,384187265;0,647868265;2,936012771;0,448740148
3;K;2;4;0,536103122;4,028012777;0,504147767;3,273030547;0,347632729;0,56953858;4,466865152;0,537488767;3,405391763;0,372286778
3;K;2;5;0,077291059;0,580726656;0,072683992;1,979248381;0,050118906;0,095662009;0,750272783;0,090278793;2,274818209;0,062530797
3;K;2;9;0,059936545;0,45033345;0,056363923;0,644214253;0,038865479;0,067951169;0,532937928;0,064127333;0,687338132;0,044417223
2;K;1;1;0,201367988;0,43600728;0,12120634;0,264944128;0,037629076;0,188603961;0,418386764;0,113450608;0,26397719;0,034870061
2;K;1;2;1,146127757;2,481626055;0,689871075;0,653491586;0,214173709;1,092773657;2,424138033;0,657334212;0,64224147;0,202037561
2;K;1;3;0,720887646;1,56088495;0,433912828;0,891371725;0,134710271;0,71065827;1,576478102;0,427481017;0,859658034;0,131390121
2;K;1;4;0,378528272;0,819599401;0,227841708;0,665979485;0,070734526;0,38211316;0,847654991;0,229851856;0,646224416;0,070647028
2;K;2;1;1,287678078;2,788114544;0,348961584;1,694225324;0,240624825;1,179991329;2,617616046;0,314972397;1,651560203;0,218162808
2;K;2;2;1,433923907;3,104769872;0,388594298;0,817585303;0,267953376;1,366840157;3,032109339;0,364847529;0,803314964;0,252708371
2;K;2;3;0,42037818;0,910213925;0,113922756;0,519794208;0,078554902;0,414896363;0,920379117;0,110747341;0,501885375;0,076708153
2;K;2;4;0,260237224;0,563472502;0,070524454;0,457859201;0,048629807;0,262519348;0,582355855;0,070073692;0,44396904;0,048535914
1;K;1;1;0,293750548;0,560548874;0,155827851;0,340623057;0,048377487;0,273328981;0,529482744;0,143575621;0,334072153;0,044129254
1;K;1;2;1,235619451;2,357868253;0,655467452;0,620902195;0,203492943;1,244911422;2,411596146;0,653933329;0,638918672;0,200992268
1;K;1;3;0,211339618;0,403288387;0,112110764;0,230305164;0,034805312;0,218859341;0,423966182;0,114963534;0,231189976;0,035335073
1;K;1;4;0,27215549;0,519340149;0,144372173;0,421998704;0,044821018;0,27758233;0,537722174;0,145809841;0,409941783;0,044815961
1;K;2;1;4,705292245;8,978864163;1,1237984;5,45609544;0,774909918;4,32797941;8,384000889;1,008829717;5,289806437;0,698756863
1;K;2;2;2,197260254;4,19291732;0,524787288;1,104129361;0,361864614;2,103530824;4,074881747;0,490322204;1,079582931;0,339617281
1;K;2;3;0,31916016;0,609036713;0,07622729;0,347801487;0,052562171;0,317886115;0,615797169;0,074097617;0,335795964;0,05132305
1;K;2;4;0,31596466;0,602938907;0,075464086;0,489928302;0,052035907;0,319585827;0,619089789;0,074493811;0,471973789;0,051597471
1;L;1;1;0,216178361;3,86987567;0,114677605;0,25067301;0,0356022;0,214053473;3,895470884;0,112439084;0,261623574;0,03455916
1;L;1;2;0,27198683;4,868920323;0,144282703;0,136674135;0,044793242;0,267921713;4,87579677;0,140735264;0,137503908;0,043256245
1;L;1;3;0,341351017;6,110630077;0,181078795;0,371983743;0,056216761;0,335046435;6,097371897;0,175994875;0,353923104;0,054093602
1;L;1;4;0,258520337;4,627852465;0,137139041;0,400856316;0,042575458;0,261759295;4,763649459;0,137498238;0,386573858;0,042261316
1;L;1;9;0,053461779;0,957035838;0,028360234;0,145939996;0,008804567;0,054274394;0,987717322;0,028509527;0,135598513;0,008762659
1;L;2;1;0,733458246;13,1298628;0,175177048;0,850493016;0,120792512;0,697095978;12,68616222;0,162489483;0,852014864;0,112546884
1;L;2;2;0,396901529;7,105056964;0,094794814;0,199444117;0,06536532;0,384474199;6,996887382;0,089618956;0,197321464;0,062073767
1;L;2;3;0,256540433;4,592409589;0,061271375;0,279562285;0,04224939;0,256982677;4,676721766;0,059901339;0,271461199;0,041490126
1;L;2;4;0,139125208;2,49052336;0,033228263;0,215724686;0,022912393;0,141966012;2,583580906;0,033091546;0,209659599;0,022920563
1;L;2;5;0,060531435;1,083591923;0,014457153;0,393680862;0,009968862;0,063632609;1,158023613;0,014832434;0,373743256;0,010273552
1;L;2;9;0,075339562;1,348676786;0,017993883;0,205661979;0,012407598;0,076064645;1,384269114;0,017730277;0,190039021;0,012280718
2;L;1;1;0,039279767;0,797851764;0,023643067;0,051681222;0,007340101;0,03755578;0,782664205;0,022590862;0,052564481;0,006943504
2;L;1;2;0,115264106;2,341247848;0,069379153;0,06572053;0,021539083;0,112999577;2,354916433;0,067972437;0,066411753;0,020891937
2;L;1;3;0,11494269;2,334719225;0,069185688;0,142125703;0,021479021;0,115570262;2,40848962;0,069518776;0,139801235;0,021367219
2;L;1;4;0,076354032;1,550905298;0,04595861;0,134336647;0,014268066;0,075520447;1,573849617;0,045427681;0,12771912;0,013962605
2;L;2;1;0,329981925;6,70260236;0,089425313;0,434164209;0,061662805;0,305093068;6,358153693;0,081437797;0,427019721;0,056407161
2;L;2;2;0,2540207;5,159675772;0,068839772;0,144835852;0,047468142;0,242146353;5,046341243;0,064635574;0,142313487;0,044769251
2;L;2;3;0,152083033;3,089114945;0,041214599;0,188049436;0,028419334;0,153233844;3,19340042;0,040902361;0,185361531;0,028330654
2;L;2;4;0,081107614;1,647460192;0,021980215;0,14270006;0,015156354;0,082499297;1,719289176;0,022021349;0,139521654;0,01525289
2;L;2;9;0,046747006;0,949526528;0,012668469;0,144794889;0,008735483;0,047449633;0,988852553;0,012665622;0,135754362;0,00877273
3;L;1;1;0,014804054;1,04345366;0,030921088;0,0675902;0,009599597;0,013759075;1,013772482;0,029261584;0,068085936;0,00899381
3;L;1;2;0,034640239;2,441593619;0,07235274;0,068537309;0,022462247;0,032607489;2,402528842;0,069346724;0,067754486;0,021314337
3;L;1;3;0,017780582;1,253252202;0,037138134;0,076291551;0,011529708;0,016771022;1,23569352;0,035667125;0,071726064;0,010962611
3;L;1;4;0,015112113;1,065166939;0,031564527;0,092262858;0,009799355;0,015146341;1,115986614;0,032211899;0,090563181;0,009900616
3;L;2;1;0,06853296;4,830498868;0,064447934;0,312897828;0,044439771;0,062537781;4,607800979;0,059018574;0,309464349;0,040878686
3;L;2;2;0,057458512;4,049923991;0,054033598;0,113684312;0,037258614;0,053552691;3,945777068;0,050539104;0,111276124;0,035005458
3;L;2;3;0,076081417;5,362546698;0,071546452;0,326444273;0,049334521;0,077165952;5,685608674;0,072823569;0,33002223;0,050440593
3;L;2;4;0,048011041;3,384025456;0,04514926;0,293118242;0,031132461;0,047255754;3,481817009;0,044596517;0,282552158;0,030889378
3;L;2;5;0,006022057;0,42446056;0,005663102;0,154211189;0,003904965;0,006680215;0,492200078;0,006304297;0,158853808;0,004366615
3;L;2;7;0,007881393;0,555514587;0,007411609;0,061005716;0,00511064;0,00771944;0,568770492;0,007285042;0,057048785;0,005045919
3;L;2;9;0,01180438;0,832023691;0,01110076;0,126876685;0,007654477;0,012465153;0,918435949;0,011763698;0,126087238;0,00814802
3;M;1;1;0,152727267;1,574130421;0,318999998;0,697299962;0,099035045;0,151690459;1,616244502;0,322601849;0,750630878;0,099154569
3;M;1;2;0,55431019;5,713167977;1,157782448;1,096728238;0,359438989;0,556917688;5,933894297;1,184403267;1,157208739;0,364036958
3;M;1;3;0,193988688;1,999403907;0,405182337;0,832351697;0,125790756;0,19354755;2,062227022;0,411619807;0,827761374;0,126515036
3;M;1;4;0,235912225;2,431501705;0,492747633;1,440297376;0,152975813;0,244385769;2,60390243;0,519738032;1,46123426;0,159746142
3;M;1;5;0,004539365;0,046786354;0,009481328;0,116242813;0,002943523;0,004574481;0,048740571;0,009728601;0,108779991;0,002990173
3;M;1;9;0,023570242;0,242933923;0,04923094;0,253339354;0,015283976;0,024117352;0,25696763;0,051290651;0,243951295;0,015764641
3;M;2;1;0,509489611;5,251210937;0,4791206;2,326153625;0,330375364;0,480898547;5,123919041;0,453836801;2,379696785;0,314345994
3;M;2;2;1,104993439;11,38895378;1,039128391;2,186280408;0,716526111;1,079715803;11,50424844;1,018956637;2,243521062;0,705771184
3;M;2;3;0,44560343;4,592748423;0,419042466;1,911960826;0,288948768;0,444078781;4,731608648;0,419089005;1,899229732;0,290278244
3;M;2;4;0,158180953;1,630340508;0,148752303;0,965730417;0,102571453;0,160229521;1,707227233;0,151212878;0,958046236;0,104736245
3;M;2;5;0,013770228;0,141927083;0,01294943;0,352624259;0,008929219;0,014150265;0,150769454;0,013353983;0,336489693;0,009249517
3;M;2;7;0,129328686;1,332965767;0,121619826;1,001065337;0,083862381;0,13167111;1,402940629;0,124261543;0,973085698;0,086068644
3;M;2;8;0,068149872;0,702407556;0,064087681;0,61132072;0,04419136;0,075237944;0,801651693;0,071004057;0,626426071;0,049180324
3;M;2;9;0,056067798;0,577879951;0,052725779;0,602631907;0,036356814;0,058745773;0,6259295;0,055439955;0,594223919;0,038399988
2;M;1;1;0,345740316;1,026916098;0,208106157;0,454897857;0,064607532;0,333642296;1,005489013;0,200695262;0,466978294;0,061685487
2;M;1;2;1,530015469;4,544444035;0,920938709;0,872374158;0,28590974;1,487245176;4,482071678;0,89461997;0,87407902;0,274969465
2;M;1;3;0,558363352;1,658447942;0,336087076;0,690411755;0,104339808;0,55718535;1,679174836;0,335162722;0,674007301;0,103015266
2;M;1;4;0,556482266;1,652860748;0,334954822;0,979070257;0,103988295;0,575481592;1,73431374;0,346168428;0,973246395;0,106397968
2;M;1;9;0,027136344;0,080600229;0,016333763;0,084052527;0,005070893;0,028017949;0,084436957;0,016853588;0,080159922;0,005180101
2;M;2;1;1,27463433;3,785912297;0,34542672;1,677063389;0,238187376;1,200286871;3,617272982;0,32038984;1,679966607;0,221915151
2;M;2;2;3,521167196;10,4585526;0,954238567;2,007675953;0,65799073;3,407262149;10,26837634;0,909492722;2,002505309;0,629951984
2;M;2;3;0,922032004;2,738614689;0,249871264;1,140085091;0,172297559;0,91919382;2,770150244;0,245358312;1,111916073;0,169945236
2;M;2;4;0,403022542;1,197055469;0,109219367;0,709074498;0,075311703;0,415531111;1,252275182;0,110916773;0,702740386;0,076825509
2;M;2;9;0,087317814;0,25935092;0,023663184;0,270459529;0,016316837;0,091622975;0,27612175;0,024456712;0,26213519;0,016939722
1;M;1;1;0,672183774;1,759561501;0,356577897;0,77944124;0,11070128;0,647827452;1,704882989;0,34029406;0,791797164;0,104592429
1;M;1;2;1,896327289;4,963976552;1,005957631;0,952909713;0,312304263;1,836564266;4,833273375;0,964719708;0,942569231;0,296515247
1;M;1;3;0,699534979;1,831158183;0,371087077;0,762311015;0,115205723;0,708870108;1,865528521;0,372358853;0,748808174;0,11444783
1;M;1;4;1,358181988;3,555284778;0,720484035;2,105969051;0,223677646;1,334461611;3,511893317;0,700972702;1,970772319;0,215450241
1;M;1;9;0,069011321;0,180649502;0,036608905;0,188387144;0,011365406;0,068432955;0,180094532;0,035946807;0,170972096;0,011048573
1;M;2;1;2,999691447;7,852229988;0,716437635;3,478339276;0,494016213;2,854198381;7,511373982;0,665298947;3,488500184;0,460813354
1;M;2;2;4,13673621;10,82864845;0,98800612;2,0787214;0,681274988;4,038225185;10,62736907;0,941289499;2,072514902;0,651975736
1;M;2;3;0,972606683;2,54597231;0,232294569;1,059888082;0,160177631;0,980333983;2,579938108;0,228510804;1,035566448;0,158275961
1;M;2;4;0,555226708;1,45340542;0,132608742;0,860923112;0,091439737;0,549339255;1,445692289;0,128048152;0,811280437;0,088691405
1;N;1;3;0,546268946;1,29863456;0,289783002;0,595290939;0,089964492;0,543913213;1,225144803;0,285709466;0,574557532;0,087815365
1;N;1;4;0,426969817;1,015027057;0,226497582;0,662050614;0,070317236;0,423297028;0,953461217;0,222351591;0,625137553;0,068341754
1;N;2;1;1,009034547;2,398758242;0,240994895;1,170041839;0,1661769;0,957190628;2,156037204;0,223116207;1,16991156;0,154539441
1;N;2;4;0,362927512;0,86278053;0,086680558;0,562747935;0,059770172;0,365191047;0,8225796;0,085124153;0,539324923;0,058960482
1;N;2;9;0,194167598;0,461590862;0,046374428;0,530038822;0,031977269;0,207944902;0,468388356;0,048470886;0,519527111;0,033572925
2;N;1;1;0,126293894;0,340667975;0,076018144;0,166167552;0,023600189;0,121658649;0,313806404;0,073181113;0,170278017;0,022492871
2;N;1;3;0,236365168;0,637576692;0,142271655;0,292263612;0,044168902;0,236968795;0,611237474;0,142543422;0,286652724;0,043811998
2;N;1;4;0,330510159;0,891525498;0,198938903;0,581496818;0,061761515;0,329765275;0,850596777;0,198363125;0,557694407;0,060968684
2;N;1;9;0,316944399;0,854932913;0,190773474;0,981708416;0,059226519;0,341608688;0,881145685;0,205487272;0,977349387;0,063158354
2;N;2;1;0,496014776;1,337961352;0,134420322;0,652617148;0,092688903;0,477695302;1,232167593;0,127510119;0,668600295;0,088318741
2;N;2;2;0,523079758;1,410967042;0,14175495;0,298246176;0,097746461;0,511678177;1,319823044;0,13658109;0,300721876;0,094601668
2;N;2;3;0,380680514;1,026856134;0,103164663;0,470708366;0,07113671;0,385419686;0,994151805;0,102879199;0,466228487;0,071258355
2;N;2;4;0,345560147;0,932121672;0,093647021;0,607975641;0,064573865;0,350136782;0,903143057;0,093461213;0,592146414;0,064735072
2;N;2;5;1,367544763;3,688845836;0,370605507;10,09191067;0,25554929;1,565272074;4,037463869;0,417814508;10,5279659;0,289395475
2;N;2;9;0,290459143;0,78349099;0,078714614;0,899672579;0,054277293;0,312169377;0,805209906;0,08332666;0,89312292;0,057715465
3;N;1;1;0,091084373;0,852573877;0,190247068;0,415859794;0,059063094;0,084482439;0,770438224;0,179669777;0,418056137;0,055223116
3;N;1;2;0,333346357;3,120210264;0,696257381;0,659541118;0,216156368;0,318878206;2,908012146;0,678161958;0,662590999;0,208439155
3;N;1;3;0,327940727;3,069612137;0,684966693;1,407102773;0,212651121;0,319632413;2,914890142;0,679765938;1,366999299;0,208932153
3;N;1;4;0,62909464;5,888492596;1,313984022;3,840764751;0,407932499;0,664172737;6,056928155;1,412503817;3,971229429;0,434145706
3;N;1;5;0,175002594;1,638070674;0,365526263;4,481418755;0,113479342;0,186476847;1,700576975;0,39658246;4,434371916;0,121893173
3;N;1;6;0,322813095;3,021616143;0,674256657;6,712589882;0,20932614;0,325646879;2,969739109;0,692556973;6,633032983;0,212863592
3;N;1;7;0,131056804;1,226726431;0,273737107;1,014441793;0,084982968;0,133767219;1,219891133;0,284484286;0,988576514;0,087438795
3;N;1;8;0,043406559;0,406296897;0,090662869;0,389367258;0,028146713;0,045898948;0,418575797;0,097613823;0,382151563;0,030002483
3;N;1;9;0,828794301;7,757734359;1,731094814;8,908106114;0,5374265;0,854218479;7,790051693;1,816676287;8,64057144;0,558371736
3;N;2;1;0,584033845;5,466711608;0,549221496;2,666496853;0,378713108;0,54148985;4,938120669;0,511018433;2,679529112;0,353952338
3;N;2;2;1,070528415;10,02042975;1,006717714;2,11808977;0,69417748;1,026117298;9,35768424;0,968374297;2,132149742;0,670735779
3;N;2;3;1,243782665;11,64213546;1,169644845;5,336726714;0,80652312;1,295388505;11,81330498;1,222492726;5,540098887;0,846748632
3;N;2;4;0,55293409;5,175609656;0,519975495;3,375787403;0,358546665;0,575276094;5,246234566;0,542903413;3,439697577;0,376037184
3;N;2;5;0,986941546;9,238034503;0,928113186;25,27333023;0,639976096;1,163414213;10,60976446;1,097945062;27,66569362;0,760481809
3;N;2;6;0,35252406;3,299718654;0,331511253;7,330401017;0,22859203;0,35831768;3,267680711;0,338153963;7,29849766;0,234219312
3;N;2;7;0,208672245;1,953227532;0,196233975;1,615222098;0,135312217;0,216229043;1,971902347;0,204061122;1,597992063;0,141341108
3;N;2;8;0,233286712;2,183625469;0,219381254;2,092637842;0,151273315;0,247371431;2,255905581;0,233451025;2,059597926;0,161697761
3;N;2;9;0,651417089;6,097436635;0,612588245;7,001607694;0,422407352;0,681609438;6,215942273;0,643253029;6,894600369;0,445543446
3;O;1;1;0,207760648;2,162360728;0,4339477;0,948563375;0,134721098;0,196107955;2,130403808;0,417065048;0,970428114;0,12818868
3;O;1;2;2,553347212;26,57508908;5,333152162;5,05191505;1,65570209;2,383867073;25,89695811;5,069797587;4,953392341;1,558247719
3;O;1;3;0,871962651;9,075336496;1,82126014;3,741350082;0,565418748;0,848964654;9,222662761;1,805502917;3,630839797;0,554937501
3;O;1;4;0,674178148;7,016806905;1,408149519;4,116009744;0,43716662;0,66135085;7,184534509;1,406502477;3,954356767;0,43230114
3;O;1;9;0,143805229;1,496716452;0,300364622;1,54565764;0,093249605;0,148783943;1,616303016;0,316420527;1,504975976;0,097254684
3;O;2;1;0,429182735;4,466908911;0,403600555;1,959500161;0,27830087;0,405045846;4,400184655;0,382252582;2,004344377;0,264763826
3;O;2;2;2,375249622;24,72145974;2,233668754;4,699540766;1,540215818;2,220849631;24,12603057;2,095875106;4,614661479;1,451689111
3;O;2;3;0,472820527;4,921088506;0,44463724;2,028741843;0,306597525;0,47675562;5,179198309;0,44992701;2,038981564;0,311637912
3;O;2;4;0,426714973;4,441224592;0,401279888;2,605191214;0,276700666;0,436383611;4,74062007;0,411826867;2,60923001;0,285248189
3;O;2;5;0,012495922;0,130056824;0,01175108;0,319992154;0,008102902;0,015451507;0,167856266;0,014582;0,367432898;0,010100091
3;O;2;7;0,008873062;0,092350314;0,008344168;0,068681707;0,005753682;0,009932782;0,107904016;0,009373831;0,073405987;0,0064927
3;O;2;8;0,050490565;0,525502858;0,047480987;0,452912493;0,032740292;0,057586445;0,625585956;0,054345866;0,479460878;0,037642177
3;O;2;9;0,256672023;2,671427465;0,241372642;2,758780573;0,166437374;0,274891763;2,986265694;0,259422697;2,78057894;0,179686807
2;O;1;1;0,235751888;0,707100005;0,141902513;0,310183754;0,0440543;0,229613949;0,705525023;0,138119274;0,321376311;0,042452197
2;O;1;2;0,802409986;2,406700148;0,482982317;0,457512848;0,149944125;0,758706837;2,331246255;0,456383587;0,445904777;0,140273585
2;O;1;3;0,19162736;0,574755554;0,115343313;0,236945676;0,035808872;0,190491827;0,585316142;0,114586213;0,230431189;0,035219099
2;O;1;4;0,402046112;1,205872876;0,24199744;0,707356576;0,07512924;0,400086286;1,229328128;0,240663199;0,676620315;0,073969991
2;O;2;1;0,468938624;1,406506246;0,127082668;0,616992482;0,087629258;0,452230114;1,389548252;0,120712754;0,63295826;0,083610607
2;O;2;2;0,836029547;2,507536634;0,226564543;0,476681829;0,156226518;0,789597892;2,426163885;0,210765566;0,46405997;0,145984881
2;O;2;3;0,14300839;0,428930746;0,038755365;0,176828714;0,02672358;0,145181939;0,446094375;0,038753084;0,175621429;0,026841977
2;O;2;4;0,248171056;0,744349307;0,067254515;0,436630086;0,046375036;0,259119604;0,796185794;0,069166205;0,438219439;0,047907352
1;O;1;1;0,092528993;0,244587908;0,049084484;0,107293445;0,015238508;0,090215186;0,242065447;0,047388686;0,110264127;0,014565337
1;O;1;2;0,135729683;0,358783104;0,072001448;0,068204541;0,022353187;0,130653413;0,350569327;0,068630282;0,067054494;0,021094132
1;O;1;4;0,130201888;0,344171126;0,069069081;0,20188837;0,02144282;0,128844839;0,345716558;0,067680264;0,190281863;0,020802136
1;O;2;1;0,248420987;0,656667362;0,05933215;0,288060452;0,040912206;0,240969983;0,646570821;0,056168862;0,294521865;0,038904859
1;O;2;3;0,044530404;0,117710116;0,010635513;0,048526548;0,007333668;0,045155868;0,121162256;0,0105256;0,047699971;0,007290463
2;P;1;1;1,004305193;2,133788293;0,604505998;1,321385617;0,187671721;0,946975719;2,100977828;0,569632636;1,325422799;0,175081695
2;P;1;2;6,422253012;13,644984;3,865648104;3,661797984;1,200108576;6,147873827;13,63978648;3,698119711;3,613208918;1,136650232
2;P;1;4;0,777072887;1,65100115;0,467731547;1,367175557;0,145209451;0,767624482;1,70306586;0,461747802;1,298195756;0,141922325
2;P;1;9;0,271399724;0,576627063;0,163359467;0,840637645;0,050715712;0,277262093;0,615138803;0,166780978;0,793252474;0,051261628
2;P;2;1;1,097789435;2,332408775;0,297501641;1,444384815;0,205140862;1,024842111;2,273733645;0,273558769;1,434407528;0,18947803
2;P;2;2;3,204320106;6,80803084;0,868372802;1,827018164;0,598782395;3,042535123;6,750224646;0,812136968;1,788149098;0,562519393
2;P;2;4;0,401892735;0,853877904;0,108913189;0,707086726;0,075100579;0,39824241;0,88354797;0,106301939;0,673501977;0,073629086
2;P;2;9;0,322495465;0,685187184;0,087396478;0,998902371;0,060263831;0,337662706;0,749144719;0,090131537;0,966059853;0,062428801
3;P;1;1;0,340924905;2,513526923;0,712086624;1,556545388;0,221070631;0,314921358;2,470229515;0,669746882;1,558368905;0,205852706
3;P;1;2;3,429195353;25,28232673;7,162527888;6,784820933;2,22364036;3,19032621;25,02478087;6,78490353;6,62911854;2,0854009
3;P;1;3;0,47925851;3,533414979;1,001022714;2,056365443;0,310772194;0,4624079;3,627107575;0,983408211;1,977619441;0,302259326
3;P;1;4;0,797969696;5,88316748;1,666711754;4,871785082;0,517438478;0,777977222;6,102419695;1,654533126;4,651690539;0,508535583
3;P;1;5;0,083606478;0,616403;0,17462806;2,140971919;0,0542141;0,080554118;0,631863016;0,171315371;1,915556396;0,052655314
3;P;1;7;0,014432582;0,106406667;0,030145197;0,111715024;0,009358718;0,014648739;0,114904074;0,031153642;0,108258206;0,009575351
3;P;1;9;0,119668761;0,88227832;0,249951009;1,286232326;0,077598462;0,121206235;0,95073647;0,257770698;1,22602257;0,079228134
3;P;2;1;0,564498599;4,161862058;0,530850682;2,577305669;0,366045599;0,514990916;4,039566483;0,486010681;2,54840077;0,336630943
3;P;2;2;2,929934309;21,60143966;2,755290499;5,797009965;1,899897647;2,695112546;21,1403463;2,543449684;5,600123426;1,761697631
3;P;2;3;0,249655617;1,840628552;0,234774461;1,071203063;0,161887629;0,240114482;1,88344762;0,226602449;1,026918158;0,156954156
3;P;2;4;0,35336207;2,605222042;0,332299312;2,157355187;0,229135433;0,350086927;2,746066721;0,330386382;2,093243865;0,228839167
3;P;2;5;0,108522208;0,800098462;0,102053554;2,779007145;0,07037055;0,115625339;0,906960164;0,109118721;2,749541119;0,075580104
3;P;2;7;0,030123907;0,222093637;0,02832832;0,233173323;0,01953366;0,030375482;0,238263969;0,028666154;0,224483163;0,019855355
3;P;2;8;0,01120552;0,082614603;0,010537595;0,100516204;0,007266149;0,01195441;0,093769879;0,011281696;0,099531619;0,007814166
3;P;2;9;0,160404796;1,182611674;0,15084359;1,724074286;0,10401349;0,167507004;1,313917701;0,158080833;1,694363063;0,109493273
3;Q;1;1;0,114811885;1,717807835;0,239806499;0,524191421;0,074449052;0,107390547;1,617419118;0,228388713;0,531415493;0,070197318
3;Q;1;2;1,857189645;27,78714862;3,87909444;3,674535243;1,204283054;1,822294651;27,44575107;3,875495044;3,786511618;1,19116813
3;Q;1;3;0,764350329;11,43615907;1,596491301;3,279615431;0,495638209;0,783040952;11,7934534;1,665302221;3,348898259;0,51184556
3;Q;1;4;0,447778995;6,699639698;0,935271749;2,733791817;0,290359499;0,460156114;6,930454493;0,978619312;2,75137084;0,300787415
3;Q;1;5;0,087403879;1,30773106;0,182559656;2,238214728;0,056676501;0,094297144;1,420218155;0,200542824;2,24236207;0,061638634
3;Q;1;9;0,075272221;1,126217993;0,157220376;0,809046265;0,048809803;0,081082639;1,221193248;0,172439383;0,820165276;0,05300079
3;Q;2;1;0,204874853;3,065324003;0,192662933;0,935387832;0,132849822;0,188639692;2,841120135;0,178024315;0,933471875;0,123306946
3;Q;2;2;1,427047769;21,35139432;1,341986115;2,823479732;0,925360234;1,369752251;20,62996743;1,292671779;2,846182317;0,895357524
3;Q;2;3;0,183894122;2,75141169;0,172932794;0,789038713;0,119244998;0,191256608;2,880533757;0,180493969;0,817963505;0,12501753
3;Q;2;4;0,134327443;2,009798318;0,126320623;0,820099355;0,087103793;0,141194828;2,126548582;0,13324933;0,844233775;0,092293954
3;Q;2;5;0,071675277;1,07240075;0,067402948;1,83544096;0,046477387;0,081678255;1,230163881;0,077081951;1,942288104;0,053390122
3;Q;2;7;0,008963312;0,134108488;0,008429039;0,069380287;0,005812204;0,009871525;0,14867597;0,009316022;0,072953285;0,006452659
3;Q;2;8;0,021716702;0,324923854;0,02042224;0,19480403;0,01408206;0,022534;0,339386696;0,021265938;0,187616573;0,014729661
3;Q;2;9;0,073411004;1,098370592;0,069035214;0,789041403;0,047602908;0,079183727;1,192593561;0,074727798;0,800957448;0,05175954
2;Q;1;2;0,625281588;2,696026629;0,376366141;0,356518943;0,116844633;0,640405196;2,728090674;0,385221809;0,376376912;0,118401375
2;Q;1;3;0,400793859;1,728102885;0,241243691;0,495578354;0,074895235;0,425302779;1,811766289;0,255831631;0,514473646;0,078632144
2;Q;1;4;0,293911683;1,267259005;0,176909744;0,517105763;0,054922459;0,310157187;1,321252441;0,186568306;0,524533484;0,057343441
2;Q;1;5;0,068590391;0,295741189;0,04128556;0,506168513;0,012817296;0,070580122;0,300667411;0,042455936;0,474719462;0,013049213
2;Q;2;1;0,243609441;1,050370831;0,066018315;0,320522103;0,045522619;0,237435315;1,011461293;0,063378068;0,332323388;0,043898251
2;Q;2;2;0,354031689;1,526478435;0,095942814;0,20185946;0,066156918;0,36009823;1,53399852;0,0961202;0,21163579;0,066576795
2;Q;2;3;0,141310709;0,609289385;0,038295293;0,174729545;0,02640634;0,158162078;0,673761693;0,042217843;0,19132304;0,029241811
2;Q;2;4;0,075361613;0,324936668;0,020423045;0,132590593;0,014082615;0,08160994;0,347653826;0,021783955;0,138017586;0,015088461
1;Q;1;1;0,157849378;0,599822703;0,083735433;0,183036722;0,025996058;0,150383689;0,559427344;0,0789943;0,183804157;0,024279606
1;Q;1;2;0,492115539;1,870023674;0,261055876;0,247289421;0,081046021;0,487002788;1,811650435;0,255815272;0,249941618;0,078627116
1;Q;1;3;0,484941372;1,842762061;0,257250147;0,528459849;0,079864514;0,49934349;1,85755785;0,262297658;0,527476731;0,080619536
1;Q;1;4;0,441070699;1,676054877;0,233977773;0,683915153;0,072639496;0,449624566;1,672603445;0,236181052;0,664018839;0,072592363
1;Q;1;9;0,056520199;0,214774989;0,029982654;0,154288871;0,009308256;0,058500378;0,217621415;0,030729373;0,146156661;0,009444948
1;Q;2;1;0,236576766;0,898984321;0,056503311;0,274326301;0,038961593;0,226247982;0,841642523;0,05273724;0,276528125;0,036527976
1;Q;2;2;0,280672033;1,066544956;0,067034897;0,141038474;0,046223599;0,278602578;1,036401625;0,064940826;0,142985586;0,044980681
1;Q;2;3;0,118524947;0,450391094;0,028308156;0,129161336;0,019519756;0,122839705;0,456963718;0,028633303;0,12976055;0,019832601
1;R;1;1;0,033776157;0,920194364;0,017917468;0,039165673;0,005562562;0,032520604;0,872704507;0,017082586;0,039747809;0,005250486
1;R;1;2;0,068380446;1,862950288;0,03627424;0,034361363;0,011261508;0,067399057;1,808682938;0,035403715;0,034590827;0,010881649
1;R;1;3;0,028753819;0,783366273;0,015253234;0,031334177;0,004735438;0,029370063;0,78815838;0,015427654;0,031024786;0,004741828
1;R;1;4;0,064395874;1,754394977;0,034160517;0,099850917;0,010605293;0,065751047;1,76445789;0,034538041;0,097103089;0,010615576
1;R;1;9;0,03063576;0,834637703;0,01625156;0,083629516;0,005045373;0,032043353;0,859897288;0,016831894;0,080056739;0,005173433
1;R;2;1;0,126561789;3,448037204;0,030227652;0,146756708;0,020843336;0,120579652;3,23580729;0,028106496;0,14737663;0,019467713
1;R;2;2;0,106390887;2,898503081;0,025410092;0,053461715;0,01752141;0,106500061;2,857975348;0,024824616;0,054658409;0,017194548
1;R;2;3;0,28942907;7,885177706;0,069126402;0,315402338;0,047665787;0,300401366;8,061400994;0,070022012;0,317326116;0,048500119
1;R;2;4;0,041572981;1,132610297;0,009929171;0,064462209;0,006846613;0,042293473;1,134963697;0,009858391;0,06246025;0,006828326
1;R;2;5;0,019174336;0,522383753;0,004579543;0,124704941;0,003157802;0,020264068;0,543795065;0,00472345;0,11902009;0,003271655
1;R;2;7;0,03568352;0,972158396;0,008522549;0,07014998;0,005876684;0,037772871;1,013651379;0,008804662;0,068948849;0,00609847
1;R;2;8;0,02039916;0,555752757;0,004872076;0,04647385;0,003359517;0,020777457;0,557572065;0,004843118;0,042727917;0,003354542
1;R;2;9;0,053296056;1,45199263;0,012729076;0,145487606;0,008777275;0,056928172;1,527692193;0,013269664;0,142228679;0,009191114
2;R;1;1;0,021900787;0,677013886;0,013182405;0,02881533;0,004092539;0,020608903;0,633321894;0,012396837;0,028844995;0,003810279
2;R;1;2;0,063592447;1,965818361;0,038277225;0,036258723;0,011883344;0,061327612;1,884628146;0,03689029;0,03604327;0,011338561
2;R;1;3;0,035871375;1,10888338;0,021591506;0,044354664;0,006703184;0,035038411;1,076747866;0,021076593;0,042384719;0,00647808
2;R;1;4;0,067396649;2,083416751;0,04056703;0,118577102;0,012594225;0,068411555;2,102321272;0,041151482;0,115696663;0,012648277
2;R;1;5;0,019544331;0,604169317;0,011764019;0,144229024;0,003652195;0,019741233;0,606657966;0,011874909;0,132778854;0,00364986
2;R;1;9;0,019431937;0,600694909;0,011696368;0,060188779;0,003631192;0,021555737;0,662418554;0,012966384;0,0616714;0,003985334
2;R;2;1;0,108769019;3,362351079;0,029476474;0,143109702;0,020325364;0,10222924;3,141555605;0,027287818;0,143083885;0,018900663
2;R;2;2;0,180243408;5,571822046;0,048846079;0,102770001;0,033681585;0,174715761;5,369102607;0,04663648;0,102683393;0,03230234
2;R;2;3;0,38387748;11,8667142;0,104031043;0,474661389;0,071734118;0,372931563;11,46037325;0,099545772;0,451122049;0,068949487
2;R;2;4;0,06382738;1,973080762;0,017297261;0,112297359;0,011927245;0,065522365;2,013535005;0,017489736;0,110810504;0,012114109
2;R;2;5;0,048621357;1,503020559;0,013176419;0,358805359;0,009085738;0,052302362;1,607277719;0,01396095;0,351783881;0,009669927
2;R;2;7;0,023776529;0,734998251;0,006443455;0,05303674;0,004443054;0,024668021;0,75806061;0,006584579;0,051563494;0,004560749
2;R;2;8;0,022677592;0,701027051;0,006145642;0,058622159;0,004237699;0,025093754;0,771143611;0,006698219;0,059094353;0,004639461
2;R;2;9;0,066641141;2,060061913;0,018059792;0,206415287;0,012453045;0,07462771;2,293346804;0,019920205;0,213511392;0,013797551
3;R;1;1;0,006940797;0,744537143;0,014497177;0,031689281;0,004500716;0,006421831;0,697719821;0,013657382;0,031778035;0,004197719
3;R;1;2;0,039292349;4,214878275;0,082069558;0,077741723;0,025478879;0,036920649;4,011358781;0,078519569;0,076716718;0,024133693
3;R;1;3;0,016146421;1,732021619;0,033724876;0,069279817;0,010470046;0,016213305;1,76154496;0,034481022;0,069340828;0,010598051
3;R;1;4;0,034791622;3,732086663;0,072668932;0,212410705;0,022560411;0,03617863;3,930739903;0,07694151;0,216319691;0,023648663
3;R;1;5;0,013027541;1,397460357;0,027210502;0,333605726;0,008447628;0,014299009;1,553560381;0,030409868;0,3400268;0,009346745
3;R;1;6;0,009433732;1,011953551;0,019704147;0,196165445;0,006117245;0,009790804;1,063752414;0,020822216;0,19942684;0,006399895
3;R;1;7;0,003672721;0,393971678;0,007671178;0,028428603;0,002381553;0,003816479;0,414653248;0,00811655;0,028204829;0,002494694
3;R;1;9;0,013614078;1,460377973;0,028435596;0,146327805;0,008827964;0,014001892;1,521279099;0,029777984;0,141631618;0,00915253
3;R;2;1;0,032081957;3,441421703;0,030169656;0,146475137;0,020803345;0,0294743;3,202327019;0,027815684;0,145851753;0,019266284
3;R;2;2;0,05417253;5,81107074;0,050943483;0,107182846;0,03512784;0,051784471;5,62628505;0,048870388;0,107601974;0,033849637
3;R;2;3;0,042997478;4,612326262;0,040434539;0,18449026;0,027881446;0,043408563;4,716258409;0,04096582;0,185649115;0,028374608
3;R;2;4;0,037211264;3,991640887;0,034993222;0,227183164;0,024129412;0,038010681;4,129788713;0,035871694;0,227273908;0,024846208
3;R;2;5;0,028098965;3,014167333;0,026424077;0,719550631;0,018220599;0,02888101;3,137867248;0,027255781;0,686783065;0,018878472
3;R;2;6;0,005857484;0,628330477;0,005508338;0,121800776;0,003798249;0,006235665;0,677493223;0,005884763;0,127012951;0,004076029
3;R;2;7;0,011432995;1,226413884;0,010751512;0,088496802;0,007413654;0,011586624;1,258864875;0,010934607;0,085628339;0,007573757
3;R;2;8;0,003364376;0,360895624;0,003163837;0,030179264;0,002181609;0,00357723;0,388659278;0,003375927;0,029783776;0,002338306
3;R;2;9;0,022291608;2,391213933;0,020962878;0,239596251;0,014454854;0,023015564;2,500597635;0,021720403;0,232806517;0,015044442
